company,year,lexicon_score,bert_mean_score,lexicon_score_normalized,hybrid_score,hybrid_5class
Google,2022,0.03612682323483717,0.8987452413769964,0.5636815424488285,0.798226131698546,POSITIVE
Google,2023,0.0911199764287463,0.9376622310381052,0.9327314411502903,0.9361829940717608,VERY POSITIVE
Google,2024,0.0019799691527265352,0.9274986709538494,0.3345276876854636,0.7496073759733337,POSITIVE
HSBC,2022,0.038061357096444814,0.9427089835119526,0.5766638772340962,0.8328954516285956,VERY POSITIVE
HSBC,2023,-0.01572357638067191,0.9385894329622922,0.21572213997082482,0.721729245064852,POSITIVE
HSBC,2024,-0.047868933234786894,0.9390630094280793,0.0,0.6573441065996555,POSITIVE
Nestle,2022,0.09083279756547083,0.9450847869167234,0.9308042315933602,0.9408006203197143,VERY POSITIVE
Nestle,2023,0.1011438517230411,0.9325622295223205,1.0,0.9527935606656244,VERY POSITIVE
Nestle,2024,0.0894788593903638,0.9586450071009311,0.9217181778330055,0.9475669583205535,VERY POSITIVE
